--
-- PostgreSQL database dump
--

-- Dumped from database version 12.12 (Ubuntu 12.12-0ubuntu0.20.04.1)
-- Dumped by pg_dump version 12.12 (Ubuntu 12.12-0ubuntu0.20.04.1)

SET statement_timeout = 0;
SET lock_timeout = 0;
SET idle_in_transaction_session_timeout = 0;
SET client_encoding = 'UTF8';
SET standard_conforming_strings = on;
SELECT pg_catalog.set_config('search_path', '', false);
SET check_function_bodies = false;
SET xmloption = content;
SET client_min_messages = warning;
SET row_security = off;

SET default_tablespace = '';

SET default_table_access_method = heap;

--
-- Name: auth_group; Type: TABLE; Schema: public; Owner: foodgram_user
--

CREATE TABLE public.auth_group (
    id integer NOT NULL,
    name character varying(150) NOT NULL
);


ALTER TABLE public.auth_group OWNER TO foodgram_user;

--
-- Name: auth_group_id_seq; Type: SEQUENCE; Schema: public; Owner: foodgram_user
--

CREATE SEQUENCE public.auth_group_id_seq
    AS integer
    START WITH 1
    INCREMENT BY 1
    NO MINVALUE
    NO MAXVALUE
    CACHE 1;


ALTER TABLE public.auth_group_id_seq OWNER TO foodgram_user;

--
-- Name: auth_group_id_seq; Type: SEQUENCE OWNED BY; Schema: public; Owner: foodgram_user
--

ALTER SEQUENCE public.auth_group_id_seq OWNED BY public.auth_group.id;


--
-- Name: auth_group_permissions; Type: TABLE; Schema: public; Owner: foodgram_user
--

CREATE TABLE public.auth_group_permissions (
    id integer NOT NULL,
    group_id integer NOT NULL,
    permission_id integer NOT NULL
);


ALTER TABLE public.auth_group_permissions OWNER TO foodgram_user;

--
-- Name: auth_group_permissions_id_seq; Type: SEQUENCE; Schema: public; Owner: foodgram_user
--

CREATE SEQUENCE public.auth_group_permissions_id_seq
    AS integer
    START WITH 1
    INCREMENT BY 1
    NO MINVALUE
    NO MAXVALUE
    CACHE 1;


ALTER TABLE public.auth_group_permissions_id_seq OWNER TO foodgram_user;

--
-- Name: auth_group_permissions_id_seq; Type: SEQUENCE OWNED BY; Schema: public; Owner: foodgram_user
--

ALTER SEQUENCE public.auth_group_permissions_id_seq OWNED BY public.auth_group_permissions.id;


--
-- Name: auth_permission; Type: TABLE; Schema: public; Owner: foodgram_user
--

CREATE TABLE public.auth_permission (
    id integer NOT NULL,
    name character varying(255) NOT NULL,
    content_type_id integer NOT NULL,
    codename character varying(100) NOT NULL
);


ALTER TABLE public.auth_permission OWNER TO foodgram_user;

--
-- Name: auth_permission_id_seq; Type: SEQUENCE; Schema: public; Owner: foodgram_user
--

CREATE SEQUENCE public.auth_permission_id_seq
    AS integer
    START WITH 1
    INCREMENT BY 1
    NO MINVALUE
    NO MAXVALUE
    CACHE 1;


ALTER TABLE public.auth_permission_id_seq OWNER TO foodgram_user;

--
-- Name: auth_permission_id_seq; Type: SEQUENCE OWNED BY; Schema: public; Owner: foodgram_user
--

ALTER SEQUENCE public.auth_permission_id_seq OWNED BY public.auth_permission.id;


--
-- Name: authtoken_token; Type: TABLE; Schema: public; Owner: foodgram_user
--

CREATE TABLE public.authtoken_token (
    key character varying(40) NOT NULL,
    created timestamp with time zone NOT NULL,
    user_id integer NOT NULL
);


ALTER TABLE public.authtoken_token OWNER TO foodgram_user;

--
-- Name: django_admin_log; Type: TABLE; Schema: public; Owner: foodgram_user
--

CREATE TABLE public.django_admin_log (
    id integer NOT NULL,
    action_time timestamp with time zone NOT NULL,
    object_id text,
    object_repr character varying(200) NOT NULL,
    action_flag smallint NOT NULL,
    change_message text NOT NULL,
    content_type_id integer,
    user_id integer NOT NULL,
    CONSTRAINT django_admin_log_action_flag_check CHECK ((action_flag >= 0))
);


ALTER TABLE public.django_admin_log OWNER TO foodgram_user;

--
-- Name: django_admin_log_id_seq; Type: SEQUENCE; Schema: public; Owner: foodgram_user
--

CREATE SEQUENCE public.django_admin_log_id_seq
    AS integer
    START WITH 1
    INCREMENT BY 1
    NO MINVALUE
    NO MAXVALUE
    CACHE 1;


ALTER TABLE public.django_admin_log_id_seq OWNER TO foodgram_user;

--
-- Name: django_admin_log_id_seq; Type: SEQUENCE OWNED BY; Schema: public; Owner: foodgram_user
--

ALTER SEQUENCE public.django_admin_log_id_seq OWNED BY public.django_admin_log.id;


--
-- Name: django_content_type; Type: TABLE; Schema: public; Owner: foodgram_user
--

CREATE TABLE public.django_content_type (
    id integer NOT NULL,
    app_label character varying(100) NOT NULL,
    model character varying(100) NOT NULL
);


ALTER TABLE public.django_content_type OWNER TO foodgram_user;

--
-- Name: django_content_type_id_seq; Type: SEQUENCE; Schema: public; Owner: foodgram_user
--

CREATE SEQUENCE public.django_content_type_id_seq
    AS integer
    START WITH 1
    INCREMENT BY 1
    NO MINVALUE
    NO MAXVALUE
    CACHE 1;


ALTER TABLE public.django_content_type_id_seq OWNER TO foodgram_user;

--
-- Name: django_content_type_id_seq; Type: SEQUENCE OWNED BY; Schema: public; Owner: foodgram_user
--

ALTER SEQUENCE public.django_content_type_id_seq OWNED BY public.django_content_type.id;


--
-- Name: django_migrations; Type: TABLE; Schema: public; Owner: foodgram_user
--

CREATE TABLE public.django_migrations (
    id integer NOT NULL,
    app character varying(255) NOT NULL,
    name character varying(255) NOT NULL,
    applied timestamp with time zone NOT NULL
);


ALTER TABLE public.django_migrations OWNER TO foodgram_user;

--
-- Name: django_migrations_id_seq; Type: SEQUENCE; Schema: public; Owner: foodgram_user
--

CREATE SEQUENCE public.django_migrations_id_seq
    AS integer
    START WITH 1
    INCREMENT BY 1
    NO MINVALUE
    NO MAXVALUE
    CACHE 1;


ALTER TABLE public.django_migrations_id_seq OWNER TO foodgram_user;

--
-- Name: django_migrations_id_seq; Type: SEQUENCE OWNED BY; Schema: public; Owner: foodgram_user
--

ALTER SEQUENCE public.django_migrations_id_seq OWNED BY public.django_migrations.id;


--
-- Name: django_session; Type: TABLE; Schema: public; Owner: foodgram_user
--

CREATE TABLE public.django_session (
    session_key character varying(40) NOT NULL,
    session_data text NOT NULL,
    expire_date timestamp with time zone NOT NULL
);


ALTER TABLE public.django_session OWNER TO foodgram_user;

--
-- Name: recipes_favorite; Type: TABLE; Schema: public; Owner: foodgram_user
--

CREATE TABLE public.recipes_favorite (
    id integer NOT NULL,
    recipe_id integer NOT NULL,
    user_id integer NOT NULL
);


ALTER TABLE public.recipes_favorite OWNER TO foodgram_user;

--
-- Name: recipes_favorite_id_seq; Type: SEQUENCE; Schema: public; Owner: foodgram_user
--

CREATE SEQUENCE public.recipes_favorite_id_seq
    AS integer
    START WITH 1
    INCREMENT BY 1
    NO MINVALUE
    NO MAXVALUE
    CACHE 1;


ALTER TABLE public.recipes_favorite_id_seq OWNER TO foodgram_user;

--
-- Name: recipes_favorite_id_seq; Type: SEQUENCE OWNED BY; Schema: public; Owner: foodgram_user
--

ALTER SEQUENCE public.recipes_favorite_id_seq OWNED BY public.recipes_favorite.id;


--
-- Name: recipes_ingredient; Type: TABLE; Schema: public; Owner: foodgram_user
--

CREATE TABLE public.recipes_ingredient (
    id integer NOT NULL,
    name character varying(200) NOT NULL,
    measurement_unit character varying(200) NOT NULL
);


ALTER TABLE public.recipes_ingredient OWNER TO foodgram_user;

--
-- Name: recipes_ingredient_id_seq; Type: SEQUENCE; Schema: public; Owner: foodgram_user
--

CREATE SEQUENCE public.recipes_ingredient_id_seq
    AS integer
    START WITH 1
    INCREMENT BY 1
    NO MINVALUE
    NO MAXVALUE
    CACHE 1;


ALTER TABLE public.recipes_ingredient_id_seq OWNER TO foodgram_user;

--
-- Name: recipes_ingredient_id_seq; Type: SEQUENCE OWNED BY; Schema: public; Owner: foodgram_user
--

ALTER SEQUENCE public.recipes_ingredient_id_seq OWNED BY public.recipes_ingredient.id;


--
-- Name: recipes_recipe; Type: TABLE; Schema: public; Owner: foodgram_user
--

CREATE TABLE public.recipes_recipe (
    id integer NOT NULL,
    name character varying(200) NOT NULL,
    image character varying(100) NOT NULL,
    text text NOT NULL,
    cooking_time integer NOT NULL,
    pub_date timestamp with time zone NOT NULL,
    author_id integer NOT NULL
);


ALTER TABLE public.recipes_recipe OWNER TO foodgram_user;

--
-- Name: recipes_recipe_id_seq; Type: SEQUENCE; Schema: public; Owner: foodgram_user
--

CREATE SEQUENCE public.recipes_recipe_id_seq
    AS integer
    START WITH 1
    INCREMENT BY 1
    NO MINVALUE
    NO MAXVALUE
    CACHE 1;


ALTER TABLE public.recipes_recipe_id_seq OWNER TO foodgram_user;

--
-- Name: recipes_recipe_id_seq; Type: SEQUENCE OWNED BY; Schema: public; Owner: foodgram_user
--

ALTER SEQUENCE public.recipes_recipe_id_seq OWNED BY public.recipes_recipe.id;


--
-- Name: recipes_recipe_tags; Type: TABLE; Schema: public; Owner: foodgram_user
--

CREATE TABLE public.recipes_recipe_tags (
    id integer NOT NULL,
    recipe_id integer NOT NULL,
    tag_id integer NOT NULL
);


ALTER TABLE public.recipes_recipe_tags OWNER TO foodgram_user;

--
-- Name: recipes_recipe_tags_id_seq; Type: SEQUENCE; Schema: public; Owner: foodgram_user
--

CREATE SEQUENCE public.recipes_recipe_tags_id_seq
    AS integer
    START WITH 1
    INCREMENT BY 1
    NO MINVALUE
    NO MAXVALUE
    CACHE 1;


ALTER TABLE public.recipes_recipe_tags_id_seq OWNER TO foodgram_user;

--
-- Name: recipes_recipe_tags_id_seq; Type: SEQUENCE OWNED BY; Schema: public; Owner: foodgram_user
--

ALTER SEQUENCE public.recipes_recipe_tags_id_seq OWNED BY public.recipes_recipe_tags.id;


--
-- Name: recipes_recipeingredient; Type: TABLE; Schema: public; Owner: foodgram_user
--

CREATE TABLE public.recipes_recipeingredient (
    id integer NOT NULL,
    amount integer NOT NULL,
    ingredient_id integer NOT NULL,
    recipe_id integer NOT NULL
);


ALTER TABLE public.recipes_recipeingredient OWNER TO foodgram_user;

--
-- Name: recipes_recipeingredient_id_seq; Type: SEQUENCE; Schema: public; Owner: foodgram_user
--

CREATE SEQUENCE public.recipes_recipeingredient_id_seq
    AS integer
    START WITH 1
    INCREMENT BY 1
    NO MINVALUE
    NO MAXVALUE
    CACHE 1;


ALTER TABLE public.recipes_recipeingredient_id_seq OWNER TO foodgram_user;

--
-- Name: recipes_recipeingredient_id_seq; Type: SEQUENCE OWNED BY; Schema: public; Owner: foodgram_user
--

ALTER SEQUENCE public.recipes_recipeingredient_id_seq OWNED BY public.recipes_recipeingredient.id;


--
-- Name: recipes_shoppingcart; Type: TABLE; Schema: public; Owner: foodgram_user
--

CREATE TABLE public.recipes_shoppingcart (
    id integer NOT NULL,
    recipe_id integer NOT NULL,
    user_id integer NOT NULL
);


ALTER TABLE public.recipes_shoppingcart OWNER TO foodgram_user;

--
-- Name: recipes_shoppingcart_id_seq; Type: SEQUENCE; Schema: public; Owner: foodgram_user
--

CREATE SEQUENCE public.recipes_shoppingcart_id_seq
    AS integer
    START WITH 1
    INCREMENT BY 1
    NO MINVALUE
    NO MAXVALUE
    CACHE 1;


ALTER TABLE public.recipes_shoppingcart_id_seq OWNER TO foodgram_user;

--
-- Name: recipes_shoppingcart_id_seq; Type: SEQUENCE OWNED BY; Schema: public; Owner: foodgram_user
--

ALTER SEQUENCE public.recipes_shoppingcart_id_seq OWNED BY public.recipes_shoppingcart.id;


--
-- Name: recipes_tag; Type: TABLE; Schema: public; Owner: foodgram_user
--

CREATE TABLE public.recipes_tag (
    id integer NOT NULL,
    name character varying(200) NOT NULL,
    color character varying(7) NOT NULL,
    slug character varying(200) NOT NULL
);


ALTER TABLE public.recipes_tag OWNER TO foodgram_user;

--
-- Name: recipes_tag_id_seq; Type: SEQUENCE; Schema: public; Owner: foodgram_user
--

CREATE SEQUENCE public.recipes_tag_id_seq
    AS integer
    START WITH 1
    INCREMENT BY 1
    NO MINVALUE
    NO MAXVALUE
    CACHE 1;


ALTER TABLE public.recipes_tag_id_seq OWNER TO foodgram_user;

--
-- Name: recipes_tag_id_seq; Type: SEQUENCE OWNED BY; Schema: public; Owner: foodgram_user
--

ALTER SEQUENCE public.recipes_tag_id_seq OWNED BY public.recipes_tag.id;


--
-- Name: users_subscription; Type: TABLE; Schema: public; Owner: foodgram_user
--

CREATE TABLE public.users_subscription (
    id integer NOT NULL,
    author_id integer NOT NULL,
    user_id integer NOT NULL
);


ALTER TABLE public.users_subscription OWNER TO foodgram_user;

--
-- Name: users_subscription_id_seq; Type: SEQUENCE; Schema: public; Owner: foodgram_user
--

CREATE SEQUENCE public.users_subscription_id_seq
    AS integer
    START WITH 1
    INCREMENT BY 1
    NO MINVALUE
    NO MAXVALUE
    CACHE 1;


ALTER TABLE public.users_subscription_id_seq OWNER TO foodgram_user;

--
-- Name: users_subscription_id_seq; Type: SEQUENCE OWNED BY; Schema: public; Owner: foodgram_user
--

ALTER SEQUENCE public.users_subscription_id_seq OWNED BY public.users_subscription.id;


--
-- Name: users_user; Type: TABLE; Schema: public; Owner: foodgram_user
--

CREATE TABLE public.users_user (
    id integer NOT NULL,
    password character varying(128) NOT NULL,
    last_login timestamp with time zone,
    is_superuser boolean NOT NULL,
    username character varying(150) NOT NULL,
    is_staff boolean NOT NULL,
    is_active boolean NOT NULL,
    date_joined timestamp with time zone NOT NULL,
    email character varying(254) NOT NULL,
    first_name character varying(150) NOT NULL,
    last_name character varying(150) NOT NULL
);


ALTER TABLE public.users_user OWNER TO foodgram_user;

--
-- Name: users_user_groups; Type: TABLE; Schema: public; Owner: foodgram_user
--

CREATE TABLE public.users_user_groups (
    id integer NOT NULL,
    user_id integer NOT NULL,
    group_id integer NOT NULL
);


ALTER TABLE public.users_user_groups OWNER TO foodgram_user;

--
-- Name: users_user_groups_id_seq; Type: SEQUENCE; Schema: public; Owner: foodgram_user
--

CREATE SEQUENCE public.users_user_groups_id_seq
    AS integer
    START WITH 1
    INCREMENT BY 1
    NO MINVALUE
    NO MAXVALUE
    CACHE 1;


ALTER TABLE public.users_user_groups_id_seq OWNER TO foodgram_user;

--
-- Name: users_user_groups_id_seq; Type: SEQUENCE OWNED BY; Schema: public; Owner: foodgram_user
--

ALTER SEQUENCE public.users_user_groups_id_seq OWNED BY public.users_user_groups.id;


--
-- Name: users_user_id_seq; Type: SEQUENCE; Schema: public; Owner: foodgram_user
--

CREATE SEQUENCE public.users_user_id_seq
    AS integer
    START WITH 1
    INCREMENT BY 1
    NO MINVALUE
    NO MAXVALUE
    CACHE 1;


ALTER TABLE public.users_user_id_seq OWNER TO foodgram_user;

--
-- Name: users_user_id_seq; Type: SEQUENCE OWNED BY; Schema: public; Owner: foodgram_user
--

ALTER SEQUENCE public.users_user_id_seq OWNED BY public.users_user.id;


--
-- Name: users_user_user_permissions; Type: TABLE; Schema: public; Owner: foodgram_user
--

CREATE TABLE public.users_user_user_permissions (
    id integer NOT NULL,
    user_id integer NOT NULL,
    permission_id integer NOT NULL
);


ALTER TABLE public.users_user_user_permissions OWNER TO foodgram_user;

--
-- Name: users_user_user_permissions_id_seq; Type: SEQUENCE; Schema: public; Owner: foodgram_user
--

CREATE SEQUENCE public.users_user_user_permissions_id_seq
    AS integer
    START WITH 1
    INCREMENT BY 1
    NO MINVALUE
    NO MAXVALUE
    CACHE 1;


ALTER TABLE public.users_user_user_permissions_id_seq OWNER TO foodgram_user;

--
-- Name: users_user_user_permissions_id_seq; Type: SEQUENCE OWNED BY; Schema: public; Owner: foodgram_user
--

ALTER SEQUENCE public.users_user_user_permissions_id_seq OWNED BY public.users_user_user_permissions.id;


--
-- Name: auth_group id; Type: DEFAULT; Schema: public; Owner: foodgram_user
--

ALTER TABLE ONLY public.auth_group ALTER COLUMN id SET DEFAULT nextval('public.auth_group_id_seq'::regclass);


--
-- Name: auth_group_permissions id; Type: DEFAULT; Schema: public; Owner: foodgram_user
--

ALTER TABLE ONLY public.auth_group_permissions ALTER COLUMN id SET DEFAULT nextval('public.auth_group_permissions_id_seq'::regclass);


--
-- Name: auth_permission id; Type: DEFAULT; Schema: public; Owner: foodgram_user
--

ALTER TABLE ONLY public.auth_permission ALTER COLUMN id SET DEFAULT nextval('public.auth_permission_id_seq'::regclass);


--
-- Name: django_admin_log id; Type: DEFAULT; Schema: public; Owner: foodgram_user
--

ALTER TABLE ONLY public.django_admin_log ALTER COLUMN id SET DEFAULT nextval('public.django_admin_log_id_seq'::regclass);


--
-- Name: django_content_type id; Type: DEFAULT; Schema: public; Owner: foodgram_user
--

ALTER TABLE ONLY public.django_content_type ALTER COLUMN id SET DEFAULT nextval('public.django_content_type_id_seq'::regclass);


--
-- Name: django_migrations id; Type: DEFAULT; Schema: public; Owner: foodgram_user
--

ALTER TABLE ONLY public.django_migrations ALTER COLUMN id SET DEFAULT nextval('public.django_migrations_id_seq'::regclass);


--
-- Name: recipes_favorite id; Type: DEFAULT; Schema: public; Owner: foodgram_user
--

ALTER TABLE ONLY public.recipes_favorite ALTER COLUMN id SET DEFAULT nextval('public.recipes_favorite_id_seq'::regclass);


--
-- Name: recipes_ingredient id; Type: DEFAULT; Schema: public; Owner: foodgram_user
--

ALTER TABLE ONLY public.recipes_ingredient ALTER COLUMN id SET DEFAULT nextval('public.recipes_ingredient_id_seq'::regclass);


--
-- Name: recipes_recipe id; Type: DEFAULT; Schema: public; Owner: foodgram_user
--

ALTER TABLE ONLY public.recipes_recipe ALTER COLUMN id SET DEFAULT nextval('public.recipes_recipe_id_seq'::regclass);


--
-- Name: recipes_recipe_tags id; Type: DEFAULT; Schema: public; Owner: foodgram_user
--

ALTER TABLE ONLY public.recipes_recipe_tags ALTER COLUMN id SET DEFAULT nextval('public.recipes_recipe_tags_id_seq'::regclass);


--
-- Name: recipes_recipeingredient id; Type: DEFAULT; Schema: public; Owner: foodgram_user
--

ALTER TABLE ONLY public.recipes_recipeingredient ALTER COLUMN id SET DEFAULT nextval('public.recipes_recipeingredient_id_seq'::regclass);


--
-- Name: recipes_shoppingcart id; Type: DEFAULT; Schema: public; Owner: foodgram_user
--

ALTER TABLE ONLY public.recipes_shoppingcart ALTER COLUMN id SET DEFAULT nextval('public.recipes_shoppingcart_id_seq'::regclass);


--
-- Name: recipes_tag id; Type: DEFAULT; Schema: public; Owner: foodgram_user
--

ALTER TABLE ONLY public.recipes_tag ALTER COLUMN id SET DEFAULT nextval('public.recipes_tag_id_seq'::regclass);


--
-- Name: users_subscription id; Type: DEFAULT; Schema: public; Owner: foodgram_user
--

ALTER TABLE ONLY public.users_subscription ALTER COLUMN id SET DEFAULT nextval('public.users_subscription_id_seq'::regclass);


--
-- Name: users_user id; Type: DEFAULT; Schema: public; Owner: foodgram_user
--

ALTER TABLE ONLY public.users_user ALTER COLUMN id SET DEFAULT nextval('public.users_user_id_seq'::regclass);


--
-- Name: users_user_groups id; Type: DEFAULT; Schema: public; Owner: foodgram_user
--

ALTER TABLE ONLY public.users_user_groups ALTER COLUMN id SET DEFAULT nextval('public.users_user_groups_id_seq'::regclass);


--
-- Name: users_user_user_permissions id; Type: DEFAULT; Schema: public; Owner: foodgram_user
--

ALTER TABLE ONLY public.users_user_user_permissions ALTER COLUMN id SET DEFAULT nextval('public.users_user_user_permissions_id_seq'::regclass);


--
-- Data for Name: auth_group; Type: TABLE DATA; Schema: public; Owner: foodgram_user
--

COPY public.auth_group (id, name) FROM stdin;
\.


--
-- Data for Name: auth_group_permissions; Type: TABLE DATA; Schema: public; Owner: foodgram_user
--

COPY public.auth_group_permissions (id, group_id, permission_id) FROM stdin;
\.


--
-- Data for Name: auth_permission; Type: TABLE DATA; Schema: public; Owner: foodgram_user
--

COPY public.auth_permission (id, name, content_type_id, codename) FROM stdin;
1	Can add log entry	1	add_logentry
2	Can change log entry	1	change_logentry
3	Can delete log entry	1	delete_logentry
4	Can view log entry	1	view_logentry
5	Can add permission	2	add_permission
6	Can change permission	2	change_permission
7	Can delete permission	2	delete_permission
8	Can view permission	2	view_permission
9	Can add group	3	add_group
10	Can change group	3	change_group
11	Can delete group	3	delete_group
12	Can view group	3	view_group
13	Can add content type	4	add_contenttype
14	Can change content type	4	change_contenttype
15	Can delete content type	4	delete_contenttype
16	Can view content type	4	view_contenttype
17	Can add session	5	add_session
18	Can change session	5	change_session
19	Can delete session	5	delete_session
20	Can view session	5	view_session
21	Can add Token	6	add_token
22	Can change Token	6	change_token
23	Can delete Token	6	delete_token
24	Can view Token	6	view_token
25	Can add token	7	add_tokenproxy
26	Can change token	7	change_tokenproxy
27	Can delete token	7	delete_tokenproxy
28	Can view token	7	view_tokenproxy
29	Can add Ингредиент	8	add_ingredient
30	Can change Ингредиент	8	change_ingredient
31	Can delete Ингредиент	8	delete_ingredient
32	Can view Ингредиент	8	view_ingredient
33	Can add Рецепт	9	add_recipe
34	Can change Рецепт	9	change_recipe
35	Can delete Рецепт	9	delete_recipe
36	Can view Рецепт	9	view_recipe
37	Can add Тэг	10	add_tag
38	Can change Тэг	10	change_tag
39	Can delete Тэг	10	delete_tag
40	Can view Тэг	10	view_tag
41	Can add Список покупок	11	add_shoppingcart
42	Can change Список покупок	11	change_shoppingcart
43	Can delete Список покупок	11	delete_shoppingcart
44	Can view Список покупок	11	view_shoppingcart
45	Can add Ингредиент рецепта	12	add_recipeingredient
46	Can change Ингредиент рецепта	12	change_recipeingredient
47	Can delete Ингредиент рецепта	12	delete_recipeingredient
48	Can view Ингредиент рецепта	12	view_recipeingredient
49	Can add Избранное	13	add_favorite
50	Can change Избранное	13	change_favorite
51	Can delete Избранное	13	delete_favorite
52	Can view Избранное	13	view_favorite
53	Can add Пользователь	14	add_user
54	Can change Пользователь	14	change_user
55	Can delete Пользователь	14	delete_user
56	Can view Пользователь	14	view_user
57	Can add Подписка	15	add_subscription
58	Can change Подписка	15	change_subscription
59	Can delete Подписка	15	delete_subscription
60	Can view Подписка	15	view_subscription
\.


--
-- Data for Name: authtoken_token; Type: TABLE DATA; Schema: public; Owner: foodgram_user
--

COPY public.authtoken_token (key, created, user_id) FROM stdin;
\.


--
-- Data for Name: django_admin_log; Type: TABLE DATA; Schema: public; Owner: foodgram_user
--

COPY public.django_admin_log (id, action_time, object_id, object_repr, action_flag, change_message, content_type_id, user_id) FROM stdin;
\.


--
-- Data for Name: django_content_type; Type: TABLE DATA; Schema: public; Owner: foodgram_user
--

COPY public.django_content_type (id, app_label, model) FROM stdin;
1	admin	logentry
2	auth	permission
3	auth	group
4	contenttypes	contenttype
5	sessions	session
6	authtoken	token
7	authtoken	tokenproxy
8	recipes	ingredient
9	recipes	recipe
10	recipes	tag
11	recipes	shoppingcart
12	recipes	recipeingredient
13	recipes	favorite
14	users	user
15	users	subscription
\.


--
-- Data for Name: django_migrations; Type: TABLE DATA; Schema: public; Owner: foodgram_user
--

COPY public.django_migrations (id, app, name, applied) FROM stdin;
1	contenttypes	0001_initial	2023-02-18 10:14:14.274063+00
2	contenttypes	0002_remove_content_type_name	2023-02-18 10:14:14.286003+00
3	auth	0001_initial	2023-02-18 10:14:14.31115+00
4	auth	0002_alter_permission_name_max_length	2023-02-18 10:14:14.414987+00
5	auth	0003_alter_user_email_max_length	2023-02-18 10:14:14.420653+00
6	auth	0004_alter_user_username_opts	2023-02-18 10:14:14.425721+00
7	auth	0005_alter_user_last_login_null	2023-02-18 10:14:14.43092+00
8	auth	0006_require_contenttypes_0002	2023-02-18 10:14:14.433114+00
9	auth	0007_alter_validators_add_error_messages	2023-02-18 10:14:14.438321+00
10	auth	0008_alter_user_username_max_length	2023-02-18 10:14:14.44668+00
11	auth	0009_alter_user_last_name_max_length	2023-02-18 10:14:14.454863+00
12	auth	0010_alter_group_name_max_length	2023-02-18 10:14:14.510405+00
13	auth	0011_update_proxy_permissions	2023-02-18 10:14:14.51614+00
14	users	0001_initial	2023-02-18 10:14:14.575486+00
15	admin	0001_initial	2023-02-18 10:14:14.639759+00
16	admin	0002_logentry_remove_auto_add	2023-02-18 10:14:14.659169+00
17	admin	0003_logentry_add_action_flag_choices	2023-02-18 10:14:14.668514+00
18	authtoken	0001_initial	2023-02-18 10:14:14.685127+00
19	authtoken	0002_auto_20160226_1747	2023-02-18 10:14:14.727673+00
20	authtoken	0003_tokenproxy	2023-02-18 10:14:14.731397+00
21	recipes	0001_initial	2023-02-18 10:14:14.860646+00
22	recipes	0002_auto_20230212_1550	2023-02-18 10:14:14.931563+00
23	recipes	0003_auto_20230212_1552	2023-02-18 10:14:14.93625+00
24	sessions	0001_initial	2023-02-18 10:14:14.948706+00
25	users	0002_auto_20230211_2319	2023-02-18 10:14:14.992831+00
\.


--
-- Data for Name: django_session; Type: TABLE DATA; Schema: public; Owner: foodgram_user
--

COPY public.django_session (session_key, session_data, expire_date) FROM stdin;
\.


--
-- Data for Name: recipes_favorite; Type: TABLE DATA; Schema: public; Owner: foodgram_user
--

COPY public.recipes_favorite (id, recipe_id, user_id) FROM stdin;
\.


--
-- Data for Name: recipes_ingredient; Type: TABLE DATA; Schema: public; Owner: foodgram_user
--

COPY public.recipes_ingredient (id, name, measurement_unit) FROM stdin;
\.


--
-- Data for Name: recipes_recipe; Type: TABLE DATA; Schema: public; Owner: foodgram_user
--

COPY public.recipes_recipe (id, name, image, text, cooking_time, pub_date, author_id) FROM stdin;
\.


--
-- Data for Name: recipes_recipe_tags; Type: TABLE DATA; Schema: public; Owner: foodgram_user
--

COPY public.recipes_recipe_tags (id, recipe_id, tag_id) FROM stdin;
\.


--
-- Data for Name: recipes_recipeingredient; Type: TABLE DATA; Schema: public; Owner: foodgram_user
--

COPY public.recipes_recipeingredient (id, amount, ingredient_id, recipe_id) FROM stdin;
\.


--
-- Data for Name: recipes_shoppingcart; Type: TABLE DATA; Schema: public; Owner: foodgram_user
--

COPY public.recipes_shoppingcart (id, recipe_id, user_id) FROM stdin;
\.


--
-- Data for Name: recipes_tag; Type: TABLE DATA; Schema: public; Owner: foodgram_user
--

COPY public.recipes_tag (id, name, color, slug) FROM stdin;
\.


--
-- Data for Name: users_subscription; Type: TABLE DATA; Schema: public; Owner: foodgram_user
--

COPY public.users_subscription (id, author_id, user_id) FROM stdin;
\.


--
-- Data for Name: users_user; Type: TABLE DATA; Schema: public; Owner: foodgram_user
--

COPY public.users_user (id, password, last_login, is_superuser, username, is_staff, is_active, date_joined, email, first_name, last_name) FROM stdin;
\.


--
-- Data for Name: users_user_groups; Type: TABLE DATA; Schema: public; Owner: foodgram_user
--

COPY public.users_user_groups (id, user_id, group_id) FROM stdin;
\.


--
-- Data for Name: users_user_user_permissions; Type: TABLE DATA; Schema: public; Owner: foodgram_user
--

COPY public.users_user_user_permissions (id, user_id, permission_id) FROM stdin;
\.


--
-- Name: auth_group_id_seq; Type: SEQUENCE SET; Schema: public; Owner: foodgram_user
--

SELECT pg_catalog.setval('public.auth_group_id_seq', 1, false);


--
-- Name: auth_group_permissions_id_seq; Type: SEQUENCE SET; Schema: public; Owner: foodgram_user
--

SELECT pg_catalog.setval('public.auth_group_permissions_id_seq', 1, false);


--
-- Name: auth_permission_id_seq; Type: SEQUENCE SET; Schema: public; Owner: foodgram_user
--

SELECT pg_catalog.setval('public.auth_permission_id_seq', 60, true);


--
-- Name: django_admin_log_id_seq; Type: SEQUENCE SET; Schema: public; Owner: foodgram_user
--

SELECT pg_catalog.setval('public.django_admin_log_id_seq', 1, false);


--
-- Name: django_content_type_id_seq; Type: SEQUENCE SET; Schema: public; Owner: foodgram_user
--

SELECT pg_catalog.setval('public.django_content_type_id_seq', 15, true);


--
-- Name: django_migrations_id_seq; Type: SEQUENCE SET; Schema: public; Owner: foodgram_user
--

SELECT pg_catalog.setval('public.django_migrations_id_seq', 25, true);


--
-- Name: recipes_favorite_id_seq; Type: SEQUENCE SET; Schema: public; Owner: foodgram_user
--

SELECT pg_catalog.setval('public.recipes_favorite_id_seq', 1, false);


--
-- Name: recipes_ingredient_id_seq; Type: SEQUENCE SET; Schema: public; Owner: foodgram_user
--

SELECT pg_catalog.setval('public.recipes_ingredient_id_seq', 1, false);


--
-- Name: recipes_recipe_id_seq; Type: SEQUENCE SET; Schema: public; Owner: foodgram_user
--

SELECT pg_catalog.setval('public.recipes_recipe_id_seq', 1, false);


--
-- Name: recipes_recipe_tags_id_seq; Type: SEQUENCE SET; Schema: public; Owner: foodgram_user
--

SELECT pg_catalog.setval('public.recipes_recipe_tags_id_seq', 1, false);


--
-- Name: recipes_recipeingredient_id_seq; Type: SEQUENCE SET; Schema: public; Owner: foodgram_user
--

SELECT pg_catalog.setval('public.recipes_recipeingredient_id_seq', 1, false);


--
-- Name: recipes_shoppingcart_id_seq; Type: SEQUENCE SET; Schema: public; Owner: foodgram_user
--

SELECT pg_catalog.setval('public.recipes_shoppingcart_id_seq', 1, false);


--
-- Name: recipes_tag_id_seq; Type: SEQUENCE SET; Schema: public; Owner: foodgram_user
--

SELECT pg_catalog.setval('public.recipes_tag_id_seq', 1, false);


--
-- Name: users_subscription_id_seq; Type: SEQUENCE SET; Schema: public; Owner: foodgram_user
--

SELECT pg_catalog.setval('public.users_subscription_id_seq', 1, false);


--
-- Name: users_user_groups_id_seq; Type: SEQUENCE SET; Schema: public; Owner: foodgram_user
--

SELECT pg_catalog.setval('public.users_user_groups_id_seq', 1, false);


--
-- Name: users_user_id_seq; Type: SEQUENCE SET; Schema: public; Owner: foodgram_user
--

SELECT pg_catalog.setval('public.users_user_id_seq', 1, false);


--
-- Name: users_user_user_permissions_id_seq; Type: SEQUENCE SET; Schema: public; Owner: foodgram_user
--

SELECT pg_catalog.setval('public.users_user_user_permissions_id_seq', 1, false);


--
-- Name: auth_group auth_group_name_key; Type: CONSTRAINT; Schema: public; Owner: foodgram_user
--

ALTER TABLE ONLY public.auth_group
    ADD CONSTRAINT auth_group_name_key UNIQUE (name);


--
-- Name: auth_group_permissions auth_group_permissions_group_id_permission_id_0cd325b0_uniq; Type: CONSTRAINT; Schema: public; Owner: foodgram_user
--

ALTER TABLE ONLY public.auth_group_permissions
    ADD CONSTRAINT auth_group_permissions_group_id_permission_id_0cd325b0_uniq UNIQUE (group_id, permission_id);


--
-- Name: auth_group_permissions auth_group_permissions_pkey; Type: CONSTRAINT; Schema: public; Owner: foodgram_user
--

ALTER TABLE ONLY public.auth_group_permissions
    ADD CONSTRAINT auth_group_permissions_pkey PRIMARY KEY (id);


--
-- Name: auth_group auth_group_pkey; Type: CONSTRAINT; Schema: public; Owner: foodgram_user
--

ALTER TABLE ONLY public.auth_group
    ADD CONSTRAINT auth_group_pkey PRIMARY KEY (id);


--
-- Name: auth_permission auth_permission_content_type_id_codename_01ab375a_uniq; Type: CONSTRAINT; Schema: public; Owner: foodgram_user
--

ALTER TABLE ONLY public.auth_permission
    ADD CONSTRAINT auth_permission_content_type_id_codename_01ab375a_uniq UNIQUE (content_type_id, codename);


--
-- Name: auth_permission auth_permission_pkey; Type: CONSTRAINT; Schema: public; Owner: foodgram_user
--

ALTER TABLE ONLY public.auth_permission
    ADD CONSTRAINT auth_permission_pkey PRIMARY KEY (id);


--
-- Name: authtoken_token authtoken_token_pkey; Type: CONSTRAINT; Schema: public; Owner: foodgram_user
--

ALTER TABLE ONLY public.authtoken_token
    ADD CONSTRAINT authtoken_token_pkey PRIMARY KEY (key);


--
-- Name: authtoken_token authtoken_token_user_id_key; Type: CONSTRAINT; Schema: public; Owner: foodgram_user
--

ALTER TABLE ONLY public.authtoken_token
    ADD CONSTRAINT authtoken_token_user_id_key UNIQUE (user_id);


--
-- Name: django_admin_log django_admin_log_pkey; Type: CONSTRAINT; Schema: public; Owner: foodgram_user
--

ALTER TABLE ONLY public.django_admin_log
    ADD CONSTRAINT django_admin_log_pkey PRIMARY KEY (id);


--
-- Name: django_content_type django_content_type_app_label_model_76bd3d3b_uniq; Type: CONSTRAINT; Schema: public; Owner: foodgram_user
--

ALTER TABLE ONLY public.django_content_type
    ADD CONSTRAINT django_content_type_app_label_model_76bd3d3b_uniq UNIQUE (app_label, model);


--
-- Name: django_content_type django_content_type_pkey; Type: CONSTRAINT; Schema: public; Owner: foodgram_user
--

ALTER TABLE ONLY public.django_content_type
    ADD CONSTRAINT django_content_type_pkey PRIMARY KEY (id);


--
-- Name: django_migrations django_migrations_pkey; Type: CONSTRAINT; Schema: public; Owner: foodgram_user
--

ALTER TABLE ONLY public.django_migrations
    ADD CONSTRAINT django_migrations_pkey PRIMARY KEY (id);


--
-- Name: django_session django_session_pkey; Type: CONSTRAINT; Schema: public; Owner: foodgram_user
--

ALTER TABLE ONLY public.django_session
    ADD CONSTRAINT django_session_pkey PRIMARY KEY (session_key);


--
-- Name: recipes_favorite recipes_favorite_pkey; Type: CONSTRAINT; Schema: public; Owner: foodgram_user
--

ALTER TABLE ONLY public.recipes_favorite
    ADD CONSTRAINT recipes_favorite_pkey PRIMARY KEY (id);


--
-- Name: recipes_ingredient recipes_ingredient_pkey; Type: CONSTRAINT; Schema: public; Owner: foodgram_user
--

ALTER TABLE ONLY public.recipes_ingredient
    ADD CONSTRAINT recipes_ingredient_pkey PRIMARY KEY (id);


--
-- Name: recipes_recipe recipes_recipe_pkey; Type: CONSTRAINT; Schema: public; Owner: foodgram_user
--

ALTER TABLE ONLY public.recipes_recipe
    ADD CONSTRAINT recipes_recipe_pkey PRIMARY KEY (id);


--
-- Name: recipes_recipe_tags recipes_recipe_tags_pkey; Type: CONSTRAINT; Schema: public; Owner: foodgram_user
--

ALTER TABLE ONLY public.recipes_recipe_tags
    ADD CONSTRAINT recipes_recipe_tags_pkey PRIMARY KEY (id);


--
-- Name: recipes_recipe_tags recipes_recipe_tags_recipe_id_tag_id_233281ac_uniq; Type: CONSTRAINT; Schema: public; Owner: foodgram_user
--

ALTER TABLE ONLY public.recipes_recipe_tags
    ADD CONSTRAINT recipes_recipe_tags_recipe_id_tag_id_233281ac_uniq UNIQUE (recipe_id, tag_id);


--
-- Name: recipes_recipeingredient recipes_recipeingredient_pkey; Type: CONSTRAINT; Schema: public; Owner: foodgram_user
--

ALTER TABLE ONLY public.recipes_recipeingredient
    ADD CONSTRAINT recipes_recipeingredient_pkey PRIMARY KEY (id);


--
-- Name: recipes_shoppingcart recipes_shoppingcart_pkey; Type: CONSTRAINT; Schema: public; Owner: foodgram_user
--

ALTER TABLE ONLY public.recipes_shoppingcart
    ADD CONSTRAINT recipes_shoppingcart_pkey PRIMARY KEY (id);


--
-- Name: recipes_tag recipes_tag_color_key; Type: CONSTRAINT; Schema: public; Owner: foodgram_user
--

ALTER TABLE ONLY public.recipes_tag
    ADD CONSTRAINT recipes_tag_color_key UNIQUE (color);


--
-- Name: recipes_tag recipes_tag_name_key; Type: CONSTRAINT; Schema: public; Owner: foodgram_user
--

ALTER TABLE ONLY public.recipes_tag
    ADD CONSTRAINT recipes_tag_name_key UNIQUE (name);


--
-- Name: recipes_tag recipes_tag_pkey; Type: CONSTRAINT; Schema: public; Owner: foodgram_user
--

ALTER TABLE ONLY public.recipes_tag
    ADD CONSTRAINT recipes_tag_pkey PRIMARY KEY (id);


--
-- Name: recipes_tag recipes_tag_slug_key; Type: CONSTRAINT; Schema: public; Owner: foodgram_user
--

ALTER TABLE ONLY public.recipes_tag
    ADD CONSTRAINT recipes_tag_slug_key UNIQUE (slug);


--
-- Name: recipes_favorite unique_favorites; Type: CONSTRAINT; Schema: public; Owner: foodgram_user
--

ALTER TABLE ONLY public.recipes_favorite
    ADD CONSTRAINT unique_favorites UNIQUE (user_id, recipe_id);


--
-- Name: recipes_recipeingredient unique_ingredient_in_recipe; Type: CONSTRAINT; Schema: public; Owner: foodgram_user
--

ALTER TABLE ONLY public.recipes_recipeingredient
    ADD CONSTRAINT unique_ingredient_in_recipe UNIQUE (recipe_id, ingredient_id);


--
-- Name: users_subscription unique_subscribe; Type: CONSTRAINT; Schema: public; Owner: foodgram_user
--

ALTER TABLE ONLY public.users_subscription
    ADD CONSTRAINT unique_subscribe UNIQUE (user_id, author_id);


--
-- Name: users_subscription users_subscription_pkey; Type: CONSTRAINT; Schema: public; Owner: foodgram_user
--

ALTER TABLE ONLY public.users_subscription
    ADD CONSTRAINT users_subscription_pkey PRIMARY KEY (id);


--
-- Name: users_user users_user_email_key; Type: CONSTRAINT; Schema: public; Owner: foodgram_user
--

ALTER TABLE ONLY public.users_user
    ADD CONSTRAINT users_user_email_key UNIQUE (email);


--
-- Name: users_user_groups users_user_groups_pkey; Type: CONSTRAINT; Schema: public; Owner: foodgram_user
--

ALTER TABLE ONLY public.users_user_groups
    ADD CONSTRAINT users_user_groups_pkey PRIMARY KEY (id);


--
-- Name: users_user_groups users_user_groups_user_id_group_id_b88eab82_uniq; Type: CONSTRAINT; Schema: public; Owner: foodgram_user
--

ALTER TABLE ONLY public.users_user_groups
    ADD CONSTRAINT users_user_groups_user_id_group_id_b88eab82_uniq UNIQUE (user_id, group_id);


--
-- Name: users_user users_user_pkey; Type: CONSTRAINT; Schema: public; Owner: foodgram_user
--

ALTER TABLE ONLY public.users_user
    ADD CONSTRAINT users_user_pkey PRIMARY KEY (id);


--
-- Name: users_user_user_permissions users_user_user_permissions_pkey; Type: CONSTRAINT; Schema: public; Owner: foodgram_user
--

ALTER TABLE ONLY public.users_user_user_permissions
    ADD CONSTRAINT users_user_user_permissions_pkey PRIMARY KEY (id);


--
-- Name: users_user_user_permissions users_user_user_permissions_user_id_permission_id_43338c45_uniq; Type: CONSTRAINT; Schema: public; Owner: foodgram_user
--

ALTER TABLE ONLY public.users_user_user_permissions
    ADD CONSTRAINT users_user_user_permissions_user_id_permission_id_43338c45_uniq UNIQUE (user_id, permission_id);


--
-- Name: users_user users_user_username_key; Type: CONSTRAINT; Schema: public; Owner: foodgram_user
--

ALTER TABLE ONLY public.users_user
    ADD CONSTRAINT users_user_username_key UNIQUE (username);


--
-- Name: auth_group_name_a6ea08ec_like; Type: INDEX; Schema: public; Owner: foodgram_user
--

CREATE INDEX auth_group_name_a6ea08ec_like ON public.auth_group USING btree (name varchar_pattern_ops);


--
-- Name: auth_group_permissions_group_id_b120cbf9; Type: INDEX; Schema: public; Owner: foodgram_user
--

CREATE INDEX auth_group_permissions_group_id_b120cbf9 ON public.auth_group_permissions USING btree (group_id);


--
-- Name: auth_group_permissions_permission_id_84c5c92e; Type: INDEX; Schema: public; Owner: foodgram_user
--

CREATE INDEX auth_group_permissions_permission_id_84c5c92e ON public.auth_group_permissions USING btree (permission_id);


--
-- Name: auth_permission_content_type_id_2f476e4b; Type: INDEX; Schema: public; Owner: foodgram_user
--

CREATE INDEX auth_permission_content_type_id_2f476e4b ON public.auth_permission USING btree (content_type_id);


--
-- Name: authtoken_token_key_10f0b77e_like; Type: INDEX; Schema: public; Owner: foodgram_user
--

CREATE INDEX authtoken_token_key_10f0b77e_like ON public.authtoken_token USING btree (key varchar_pattern_ops);


--
-- Name: django_admin_log_content_type_id_c4bce8eb; Type: INDEX; Schema: public; Owner: foodgram_user
--

CREATE INDEX django_admin_log_content_type_id_c4bce8eb ON public.django_admin_log USING btree (content_type_id);


--
-- Name: django_admin_log_user_id_c564eba6; Type: INDEX; Schema: public; Owner: foodgram_user
--

CREATE INDEX django_admin_log_user_id_c564eba6 ON public.django_admin_log USING btree (user_id);


--
-- Name: django_session_expire_date_a5c62663; Type: INDEX; Schema: public; Owner: foodgram_user
--

CREATE INDEX django_session_expire_date_a5c62663 ON public.django_session USING btree (expire_date);


--
-- Name: django_session_session_key_c0390e0f_like; Type: INDEX; Schema: public; Owner: foodgram_user
--

CREATE INDEX django_session_session_key_c0390e0f_like ON public.django_session USING btree (session_key varchar_pattern_ops);


--
-- Name: recipes_favorite_recipe_id_288529df; Type: INDEX; Schema: public; Owner: foodgram_user
--

CREATE INDEX recipes_favorite_recipe_id_288529df ON public.recipes_favorite USING btree (recipe_id);


--
-- Name: recipes_favorite_user_id_dd4f6854; Type: INDEX; Schema: public; Owner: foodgram_user
--

CREATE INDEX recipes_favorite_user_id_dd4f6854 ON public.recipes_favorite USING btree (user_id);


--
-- Name: recipes_recipe_author_id_7274f74b; Type: INDEX; Schema: public; Owner: foodgram_user
--

CREATE INDEX recipes_recipe_author_id_7274f74b ON public.recipes_recipe USING btree (author_id);


--
-- Name: recipes_recipe_tags_recipe_id_e15a4132; Type: INDEX; Schema: public; Owner: foodgram_user
--

CREATE INDEX recipes_recipe_tags_recipe_id_e15a4132 ON public.recipes_recipe_tags USING btree (recipe_id);


--
-- Name: recipes_recipe_tags_tag_id_6fe328c4; Type: INDEX; Schema: public; Owner: foodgram_user
--

CREATE INDEX recipes_recipe_tags_tag_id_6fe328c4 ON public.recipes_recipe_tags USING btree (tag_id);


--
-- Name: recipes_recipeingredient_ingredient_id_0efc0df1; Type: INDEX; Schema: public; Owner: foodgram_user
--

CREATE INDEX recipes_recipeingredient_ingredient_id_0efc0df1 ON public.recipes_recipeingredient USING btree (ingredient_id);


--
-- Name: recipes_recipeingredient_recipe_id_76423229; Type: INDEX; Schema: public; Owner: foodgram_user
--

CREATE INDEX recipes_recipeingredient_recipe_id_76423229 ON public.recipes_recipeingredient USING btree (recipe_id);


--
-- Name: recipes_shoppingcart_recipe_id_7b01d980; Type: INDEX; Schema: public; Owner: foodgram_user
--

CREATE INDEX recipes_shoppingcart_recipe_id_7b01d980 ON public.recipes_shoppingcart USING btree (recipe_id);


--
-- Name: recipes_shoppingcart_user_id_9cf94f11; Type: INDEX; Schema: public; Owner: foodgram_user
--

CREATE INDEX recipes_shoppingcart_user_id_9cf94f11 ON public.recipes_shoppingcart USING btree (user_id);


--
-- Name: recipes_tag_color_80798f0a_like; Type: INDEX; Schema: public; Owner: foodgram_user
--

CREATE INDEX recipes_tag_color_80798f0a_like ON public.recipes_tag USING btree (color varchar_pattern_ops);


--
-- Name: recipes_tag_name_fdbc724f_like; Type: INDEX; Schema: public; Owner: foodgram_user
--

CREATE INDEX recipes_tag_name_fdbc724f_like ON public.recipes_tag USING btree (name varchar_pattern_ops);


--
-- Name: recipes_tag_slug_baa21000_like; Type: INDEX; Schema: public; Owner: foodgram_user
--

CREATE INDEX recipes_tag_slug_baa21000_like ON public.recipes_tag USING btree (slug varchar_pattern_ops);


--
-- Name: users_subscription_author_id_717ab6a7; Type: INDEX; Schema: public; Owner: foodgram_user
--

CREATE INDEX users_subscription_author_id_717ab6a7 ON public.users_subscription USING btree (author_id);


--
-- Name: users_subscription_follower_id_2ece2059; Type: INDEX; Schema: public; Owner: foodgram_user
--

CREATE INDEX users_subscription_follower_id_2ece2059 ON public.users_subscription USING btree (user_id);


--
-- Name: users_user_email_243f6e77_like; Type: INDEX; Schema: public; Owner: foodgram_user
--

CREATE INDEX users_user_email_243f6e77_like ON public.users_user USING btree (email varchar_pattern_ops);


--
-- Name: users_user_groups_group_id_9afc8d0e; Type: INDEX; Schema: public; Owner: foodgram_user
--

CREATE INDEX users_user_groups_group_id_9afc8d0e ON public.users_user_groups USING btree (group_id);


--
-- Name: users_user_groups_user_id_5f6f5a90; Type: INDEX; Schema: public; Owner: foodgram_user
--

CREATE INDEX users_user_groups_user_id_5f6f5a90 ON public.users_user_groups USING btree (user_id);


--
-- Name: users_user_user_permissions_permission_id_0b93982e; Type: INDEX; Schema: public; Owner: foodgram_user
--

CREATE INDEX users_user_user_permissions_permission_id_0b93982e ON public.users_user_user_permissions USING btree (permission_id);


--
-- Name: users_user_user_permissions_user_id_20aca447; Type: INDEX; Schema: public; Owner: foodgram_user
--

CREATE INDEX users_user_user_permissions_user_id_20aca447 ON public.users_user_user_permissions USING btree (user_id);


--
-- Name: users_user_username_06e46fe6_like; Type: INDEX; Schema: public; Owner: foodgram_user
--

CREATE INDEX users_user_username_06e46fe6_like ON public.users_user USING btree (username varchar_pattern_ops);


--
-- Name: auth_group_permissions auth_group_permissio_permission_id_84c5c92e_fk_auth_perm; Type: FK CONSTRAINT; Schema: public; Owner: foodgram_user
--

ALTER TABLE ONLY public.auth_group_permissions
    ADD CONSTRAINT auth_group_permissio_permission_id_84c5c92e_fk_auth_perm FOREIGN KEY (permission_id) REFERENCES public.auth_permission(id) DEFERRABLE INITIALLY DEFERRED;


--
-- Name: auth_group_permissions auth_group_permissions_group_id_b120cbf9_fk_auth_group_id; Type: FK CONSTRAINT; Schema: public; Owner: foodgram_user
--

ALTER TABLE ONLY public.auth_group_permissions
    ADD CONSTRAINT auth_group_permissions_group_id_b120cbf9_fk_auth_group_id FOREIGN KEY (group_id) REFERENCES public.auth_group(id) DEFERRABLE INITIALLY DEFERRED;


--
-- Name: auth_permission auth_permission_content_type_id_2f476e4b_fk_django_co; Type: FK CONSTRAINT; Schema: public; Owner: foodgram_user
--

ALTER TABLE ONLY public.auth_permission
    ADD CONSTRAINT auth_permission_content_type_id_2f476e4b_fk_django_co FOREIGN KEY (content_type_id) REFERENCES public.django_content_type(id) DEFERRABLE INITIALLY DEFERRED;


--
-- Name: authtoken_token authtoken_token_user_id_35299eff_fk_users_user_id; Type: FK CONSTRAINT; Schema: public; Owner: foodgram_user
--

ALTER TABLE ONLY public.authtoken_token
    ADD CONSTRAINT authtoken_token_user_id_35299eff_fk_users_user_id FOREIGN KEY (user_id) REFERENCES public.users_user(id) DEFERRABLE INITIALLY DEFERRED;


--
-- Name: django_admin_log django_admin_log_content_type_id_c4bce8eb_fk_django_co; Type: FK CONSTRAINT; Schema: public; Owner: foodgram_user
--

ALTER TABLE ONLY public.django_admin_log
    ADD CONSTRAINT django_admin_log_content_type_id_c4bce8eb_fk_django_co FOREIGN KEY (content_type_id) REFERENCES public.django_content_type(id) DEFERRABLE INITIALLY DEFERRED;


--
-- Name: django_admin_log django_admin_log_user_id_c564eba6_fk_users_user_id; Type: FK CONSTRAINT; Schema: public; Owner: foodgram_user
--

ALTER TABLE ONLY public.django_admin_log
    ADD CONSTRAINT django_admin_log_user_id_c564eba6_fk_users_user_id FOREIGN KEY (user_id) REFERENCES public.users_user(id) DEFERRABLE INITIALLY DEFERRED;


--
-- Name: recipes_favorite recipes_favorite_recipe_id_288529df_fk_recipes_recipe_id; Type: FK CONSTRAINT; Schema: public; Owner: foodgram_user
--

ALTER TABLE ONLY public.recipes_favorite
    ADD CONSTRAINT recipes_favorite_recipe_id_288529df_fk_recipes_recipe_id FOREIGN KEY (recipe_id) REFERENCES public.recipes_recipe(id) DEFERRABLE INITIALLY DEFERRED;


--
-- Name: recipes_favorite recipes_favorite_user_id_dd4f6854_fk_users_user_id; Type: FK CONSTRAINT; Schema: public; Owner: foodgram_user
--

ALTER TABLE ONLY public.recipes_favorite
    ADD CONSTRAINT recipes_favorite_user_id_dd4f6854_fk_users_user_id FOREIGN KEY (user_id) REFERENCES public.users_user(id) DEFERRABLE INITIALLY DEFERRED;


--
-- Name: recipes_recipe recipes_recipe_author_id_7274f74b_fk_users_user_id; Type: FK CONSTRAINT; Schema: public; Owner: foodgram_user
--

ALTER TABLE ONLY public.recipes_recipe
    ADD CONSTRAINT recipes_recipe_author_id_7274f74b_fk_users_user_id FOREIGN KEY (author_id) REFERENCES public.users_user(id) DEFERRABLE INITIALLY DEFERRED;


--
-- Name: recipes_recipe_tags recipes_recipe_tags_recipe_id_e15a4132_fk_recipes_recipe_id; Type: FK CONSTRAINT; Schema: public; Owner: foodgram_user
--

ALTER TABLE ONLY public.recipes_recipe_tags
    ADD CONSTRAINT recipes_recipe_tags_recipe_id_e15a4132_fk_recipes_recipe_id FOREIGN KEY (recipe_id) REFERENCES public.recipes_recipe(id) DEFERRABLE INITIALLY DEFERRED;


--
-- Name: recipes_recipe_tags recipes_recipe_tags_tag_id_6fe328c4_fk_recipes_tag_id; Type: FK CONSTRAINT; Schema: public; Owner: foodgram_user
--

ALTER TABLE ONLY public.recipes_recipe_tags
    ADD CONSTRAINT recipes_recipe_tags_tag_id_6fe328c4_fk_recipes_tag_id FOREIGN KEY (tag_id) REFERENCES public.recipes_tag(id) DEFERRABLE INITIALLY DEFERRED;


--
-- Name: recipes_recipeingredient recipes_recipeingred_ingredient_id_0efc0df1_fk_recipes_i; Type: FK CONSTRAINT; Schema: public; Owner: foodgram_user
--

ALTER TABLE ONLY public.recipes_recipeingredient
    ADD CONSTRAINT recipes_recipeingred_ingredient_id_0efc0df1_fk_recipes_i FOREIGN KEY (ingredient_id) REFERENCES public.recipes_ingredient(id) DEFERRABLE INITIALLY DEFERRED;


--
-- Name: recipes_recipeingredient recipes_recipeingred_recipe_id_76423229_fk_recipes_r; Type: FK CONSTRAINT; Schema: public; Owner: foodgram_user
--

ALTER TABLE ONLY public.recipes_recipeingredient
    ADD CONSTRAINT recipes_recipeingred_recipe_id_76423229_fk_recipes_r FOREIGN KEY (recipe_id) REFERENCES public.recipes_recipe(id) DEFERRABLE INITIALLY DEFERRED;


--
-- Name: recipes_shoppingcart recipes_shoppingcart_recipe_id_7b01d980_fk_recipes_recipe_id; Type: FK CONSTRAINT; Schema: public; Owner: foodgram_user
--

ALTER TABLE ONLY public.recipes_shoppingcart
    ADD CONSTRAINT recipes_shoppingcart_recipe_id_7b01d980_fk_recipes_recipe_id FOREIGN KEY (recipe_id) REFERENCES public.recipes_recipe(id) DEFERRABLE INITIALLY DEFERRED;


--
-- Name: recipes_shoppingcart recipes_shoppingcart_user_id_9cf94f11_fk_users_user_id; Type: FK CONSTRAINT; Schema: public; Owner: foodgram_user
--

ALTER TABLE ONLY public.recipes_shoppingcart
    ADD CONSTRAINT recipes_shoppingcart_user_id_9cf94f11_fk_users_user_id FOREIGN KEY (user_id) REFERENCES public.users_user(id) DEFERRABLE INITIALLY DEFERRED;


--
-- Name: users_subscription users_subscription_author_id_717ab6a7_fk_users_user_id; Type: FK CONSTRAINT; Schema: public; Owner: foodgram_user
--

ALTER TABLE ONLY public.users_subscription
    ADD CONSTRAINT users_subscription_author_id_717ab6a7_fk_users_user_id FOREIGN KEY (author_id) REFERENCES public.users_user(id) DEFERRABLE INITIALLY DEFERRED;


--
-- Name: users_subscription users_subscription_user_id_d9433bee_fk_users_user_id; Type: FK CONSTRAINT; Schema: public; Owner: foodgram_user
--

ALTER TABLE ONLY public.users_subscription
    ADD CONSTRAINT users_subscription_user_id_d9433bee_fk_users_user_id FOREIGN KEY (user_id) REFERENCES public.users_user(id) DEFERRABLE INITIALLY DEFERRED;


--
-- Name: users_user_groups users_user_groups_group_id_9afc8d0e_fk_auth_group_id; Type: FK CONSTRAINT; Schema: public; Owner: foodgram_user
--

ALTER TABLE ONLY public.users_user_groups
    ADD CONSTRAINT users_user_groups_group_id_9afc8d0e_fk_auth_group_id FOREIGN KEY (group_id) REFERENCES public.auth_group(id) DEFERRABLE INITIALLY DEFERRED;


--
-- Name: users_user_groups users_user_groups_user_id_5f6f5a90_fk_users_user_id; Type: FK CONSTRAINT; Schema: public; Owner: foodgram_user
--

ALTER TABLE ONLY public.users_user_groups
    ADD CONSTRAINT users_user_groups_user_id_5f6f5a90_fk_users_user_id FOREIGN KEY (user_id) REFERENCES public.users_user(id) DEFERRABLE INITIALLY DEFERRED;


--
-- Name: users_user_user_permissions users_user_user_perm_permission_id_0b93982e_fk_auth_perm; Type: FK CONSTRAINT; Schema: public; Owner: foodgram_user
--

ALTER TABLE ONLY public.users_user_user_permissions
    ADD CONSTRAINT users_user_user_perm_permission_id_0b93982e_fk_auth_perm FOREIGN KEY (permission_id) REFERENCES public.auth_permission(id) DEFERRABLE INITIALLY DEFERRED;


--
-- Name: users_user_user_permissions users_user_user_permissions_user_id_20aca447_fk_users_user_id; Type: FK CONSTRAINT; Schema: public; Owner: foodgram_user
--

ALTER TABLE ONLY public.users_user_user_permissions
    ADD CONSTRAINT users_user_user_permissions_user_id_20aca447_fk_users_user_id FOREIGN KEY (user_id) REFERENCES public.users_user(id) DEFERRABLE INITIALLY DEFERRED;


--
-- PostgreSQL database dump complete
--

